model,gate,time_s,value
03_Gate_PWM,TC1,2.5e-06,1.0
03_Gate_PWM,TC1,3.75e-06,0.0
03_Gate_PWM,TC1,1.5e-05,1.0
03_Gate_PWM,TC1,1.625e-05,0.0
03_Gate_PWM,TC1,2.75e-05,1.0
03_Gate_PWM,TC1,2.875e-05,0.0
03_Gate_PWM,TC1,4e-05,1.0
03_Gate_PWM,TC1,4.125e-05,0.0
03_Gate_PWM,TC1,5.25e-05,1.0
03_Gate_PWM,TC1,5.375e-05,0.0
03_Gate_PWM,TC1,6.5e-05,1.0
03_Gate_PWM,TC1,6.625e-05,0.0
03_Gate_PWM,TC1,7.75e-05,1.0
03_Gate_PWM,TC1,7.875e-05,0.0
03_Gate_PWM,TC1,9e-05,1.0
03_Gate_PWM,TC1,9.125e-05,0.0
03_Gate_PWM,TC2,8.75e-06,1.0
03_Gate_PWM,TC2,1e-05,0.0
03_Gate_PWM,TC2,2.125e-05,1.0
03_Gate_PWM,TC2,2.25e-05,0.0
03_Gate_PWM,TC2,3.375e-05,1.0
03_Gate_PWM,TC2,3.5e-05,0.0
03_Gate_PWM,TC2,4.625e-05,1.0
03_Gate_PWM,TC2,4.75e-05,0.0
03_Gate_PWM,TC2,5.875e-05,1.0
03_Gate_PWM,TC2,6e-05,0.0
03_Gate_PWM,TC2,7.125e-05,1.0
03_Gate_PWM,TC2,7.25e-05,0.0
03_Gate_PWM,TC2,8.375e-05,1.0
03_Gate_PWM,TC2,8.5e-05,0.0
03_Gate_PWM,TC2,9.625e-05,1.0
03_Gate_PWM,TC2,9.75e-05,0.0
03_Gate_PFM_Windows,TC1,1.764705882352941e-07,1.0
03_Gate_PFM_Windows,TC1,1.8235294117647058e-06,0.0
03_Gate_PFM_Windows,TC1,4.176470588235294e-06,1.0
03_Gate_PFM_Windows,TC1,5.823529411764706e-06,0.0
03_Gate_PFM_Windows,TC1,8.176470588235295e-06,1.0
03_Gate_PFM_Windows,TC1,9.823529411764706e-06,0.0
03_Gate_PFM_Windows,TC1,1.2176470588235294e-05,1.0
03_Gate_PFM_Windows,TC1,1.3823529411764706e-05,0.0
03_Gate_PFM_Windows,TC1,1.6176470588235293e-05,1.0
03_Gate_PFM_Windows,TC1,1.7823529411764707e-05,0.0
03_Gate_PFM_Windows,TC1,2.0176470588235295e-05,1.0
03_Gate_PFM_Windows,TC1,2.1823529411764706e-05,0.0
03_Gate_PFM_Windows,TC1,2.4176470588235294e-05,1.0
03_Gate_PFM_Windows,TC1,2.5823529411764705e-05,0.0
03_Gate_PFM_Windows,TC1,2.8176470588235293e-05,1.0
03_Gate_PFM_Windows,TC1,2.9823529411764707e-05,0.0
03_Gate_PFM_Windows,TC1,3.2176470588235295e-05,1.0
03_Gate_PFM_Windows,TC1,3.38235294117647e-05,0.0
03_Gate_PFM_Windows,TC1,3.617647058823529e-05,1.0
03_Gate_PFM_Windows,TC1,3.7823529411764705e-05,0.0
03_Gate_PFM_Windows,TC1,4.017647058823529e-05,1.0
03_Gate_PFM_Windows,TC1,4.182352941176471e-05,0.0
03_Gate_PFM_Windows,TC1,4.4176470588235296e-05,1.0
03_Gate_PFM_Windows,TC1,4.58235294117647e-05,0.0
03_Gate_PFM_Windows,TC1,4.817647058823529e-05,1.0
03_Gate_PFM_Windows,TC1,4.9823529411764706e-05,0.0
03_Gate_PFM_Windows,TC1,5.2176470588235294e-05,1.0
03_Gate_PFM_Windows,TC1,5.382352941176471e-05,0.0
03_Gate_PFM_Windows,TC1,5.6176470588235296e-05,1.0
03_Gate_PFM_Windows,TC1,5.7823529411764704e-05,0.0
03_Gate_PFM_Windows,TC1,6.017647058823529e-05,1.0
03_Gate_PFM_Windows,TC1,6.18235294117647e-05,0.0
03_Gate_PFM_Windows,TC1,6.41764705882353e-05,1.0
03_Gate_PFM_Windows,TC1,6.582352941176471e-05,0.0
03_Gate_PFM_Windows,TC1,6.81764705882353e-05,1.0
03_Gate_PFM_Windows,TC1,6.982352941176471e-05,0.0
03_Gate_PFM_Windows,TC1,7.21764705882353e-05,1.0
03_Gate_PFM_Windows,TC1,7.38235294117647e-05,0.0
03_Gate_PFM_Windows,TC1,7.617647058823529e-05,1.0
03_Gate_PFM_Windows,TC1,7.78235294117647e-05,0.0
03_Gate_PFM_Windows,TC1,8.017647058823529e-05,1.0
03_Gate_PFM_Windows,TC1,8.18235294117647e-05,0.0
03_Gate_PFM_Windows,TC1,8.417647058823529e-05,1.0
03_Gate_PFM_Windows,TC1,8.58235294117647e-05,0.0
03_Gate_PFM_Windows,TC1,8.81764705882353e-05,1.0
03_Gate_PFM_Windows,TC1,8.982352941176471e-05,0.0
03_Gate_PFM_Windows,TC1,9.21764705882353e-05,1.0
03_Gate_PFM_Windows,TC1,9.382352941176471e-05,0.0
03_Gate_PFM_Windows,TC1,9.61764705882353e-05,1.0
03_Gate_PFM_Windows,TC1,9.78235294117647e-05,0.0
03_Gate_PFM_Windows,TC2,2.176470588235294e-06,1.0
03_Gate_PFM_Windows,TC2,3.8235294117647055e-06,0.0
03_Gate_PFM_Windows,TC2,6.1764705882352944e-06,1.0
03_Gate_PFM_Windows,TC2,7.823529411764706e-06,0.0
03_Gate_PFM_Windows,TC2,1.0176470588235294e-05,1.0
03_Gate_PFM_Windows,TC2,1.1823529411764705e-05,0.0
03_Gate_PFM_Windows,TC2,1.4176470588235295e-05,1.0
03_Gate_PFM_Windows,TC2,1.5823529411764706e-05,0.0
03_Gate_PFM_Windows,TC2,1.8176470588235294e-05,1.0
03_Gate_PFM_Windows,TC2,1.9823529411764705e-05,0.0
03_Gate_PFM_Windows,TC2,2.2176470588235293e-05,1.0
03_Gate_PFM_Windows,TC2,2.3823529411764707e-05,0.0
03_Gate_PFM_Windows,TC2,2.6176470588235295e-05,1.0
03_Gate_PFM_Windows,TC2,2.7823529411764706e-05,0.0
03_Gate_PFM_Windows,TC2,3.0176470588235294e-05,1.0
03_Gate_PFM_Windows,TC2,3.182352941176471e-05,0.0
03_Gate_PFM_Windows,TC2,3.4176470588235297e-05,1.0
03_Gate_PFM_Windows,TC2,3.5823529411764704e-05,0.0
03_Gate_PFM_Windows,TC2,3.817647058823529e-05,1.0
03_Gate_PFM_Windows,TC2,3.9823529411764706e-05,0.0
03_Gate_PFM_Windows,TC2,4.2176470588235294e-05,1.0
03_Gate_PFM_Windows,TC2,4.382352941176471e-05,0.0
03_Gate_PFM_Windows,TC2,4.61764705882353e-05,1.0
03_Gate_PFM_Windows,TC2,4.7823529411764704e-05,0.0
03_Gate_PFM_Windows,TC2,5.017647058823529e-05,1.0
03_Gate_PFM_Windows,TC2,5.182352941176471e-05,0.0
03_Gate_PFM_Windows,TC2,5.4176470588235295e-05,1.0
03_Gate_PFM_Windows,TC2,5.582352941176471e-05,0.0
03_Gate_PFM_Windows,TC2,5.81764705882353e-05,1.0
03_Gate_PFM_Windows,TC2,5.9823529411764705e-05,0.0
03_Gate_PFM_Windows,TC2,6.21764705882353e-05,1.0
03_Gate_PFM_Windows,TC2,6.38235294117647e-05,0.0
03_Gate_PFM_Windows,TC2,6.617647058823529e-05,1.0
03_Gate_PFM_Windows,TC2,6.78235294117647e-05,0.0
03_Gate_PFM_Windows,TC2,7.017647058823529e-05,1.0
03_Gate_PFM_Windows,TC2,7.18235294117647e-05,0.0
03_Gate_PFM_Windows,TC2,7.417647058823529e-05,1.0
03_Gate_PFM_Windows,TC2,7.582352941176471e-05,0.0
03_Gate_PFM_Windows,TC2,7.81764705882353e-05,1.0
03_Gate_PFM_Windows,TC2,7.982352941176471e-05,0.0
03_Gate_PFM_Windows,TC2,8.21764705882353e-05,1.0
03_Gate_PFM_Windows,TC2,8.382352941176471e-05,0.0
03_Gate_PFM_Windows,TC2,8.61764705882353e-05,1.0
03_Gate_PFM_Windows,TC2,8.78235294117647e-05,0.0
03_Gate_PFM_Windows,TC2,9.017647058823529e-05,1.0
03_Gate_PFM_Windows,TC2,9.18235294117647e-05,0.0
03_Gate_PFM_Windows,TC2,9.417647058823529e-05,1.0
03_Gate_PFM_Windows,TC2,9.58235294117647e-05,0.0
03_Gate_PFM_Windows,TC2,9.81764705882353e-05,1.0
03_Gate_PFM_Windows,TC2,9.982352941176471e-05,0.0
